model,task,cohort,n,n_negative,n_positive,estimate_type,roc_auc,accuracy,f1,mcc,sensitivity,specificity,balanced_accuracy,brier,log_loss,roc_auc_rank_of20,accuracy_rank_of20,f1_rank_of20,mcc_rank_of20
CMTLNet,IDH,Development OOF,1355,1074,281,pooled_out_of_fold,0.88735362532058293,0.84575645756457563,0.69753979739507954,0.61805744824318565,0.85765124555160144,0.84264432029795155,0.85014778292477655,0.092668284421113897,0.42357585116201352,10,9,6,6
ResNet10 3D,IDH,Development OOF,1355,1074,281,pooled_out_of_fold,0.9057303988813562,0.85461254612546123,0.70375939849624058,0.62353460850574915,0.83274021352313166,0.86033519553072624,0.84653770452692889,0.093010244177880647,0.38689855055854483,4,3,3,3
ResNet18 2.5D,IDH,Development OOF,1355,1074,281,pooled_out_of_fold,0.89158830195431316,0.85018450184501848,0.69007633587786255,0.60445531906101602,0.80427046263345192,0.86219739292364994,0.83323392777855099,0.097608529410180708,0.42659088044017568,9,6,8,8
ResNet18 3D,IDH,Development OOF,1355,1074,281,pooled_out_of_fold,0.90149572224762586,0.84428044280442804,0.68647845468053492,0.60099375217454554,0.8220640569395018,0.85009310986964615,0.83607858340457397,0.097962806114137421,0.32090084084694659,6,10,10,10
DenseNet121 3D,IDH,Development OOF,1355,1074,281,pooled_out_of_fold,0.91359669178313685,0.85166051660516606,0.70133729569093606,0.62106608371996286,0.83985765124555156,0.85474860335195535,0.84730312729875346,0.094647714272337868,0.34218753051765693,3,5,5,4
EfficientNet-B0 3D,IDH,Development OOF,1355,1074,281,pooled_out_of_fold,0.85973876220203183,0.84354243542435425,0.66349206349206347,0.56872250353350384,0.74377224199288261,0.86964618249534453,0.80670921224411352,0.10773167543119455,0.5027662645479577,12,11,12,12
PrognosAIs WHO-2016 MTL,IDH,Development OOF,1355,1074,281,pooled_out_of_fold,0.90563762036355921,0.847970479704797,0.6943620178041543,0.61174295442565441,0.83274021352313166,0.85195530726256985,0.84234776039285075,0.089942067574405982,0.31946570808914676,5,7,7,7
GlioMT image-only Transformer,IDH,Development OOF,1355,1074,281,pooled_out_of_fold,0.83672306275141317,0.80590405904059037,0.59724349157733536,0.48070910729766653,0.69395017793594305,0.83519553072625696,0.7645728543311,0.12178171524987774,0.42535476668443889,13,13,13,13
MTTU-Net,IDH,Development OOF,1355,1074,281,pooled_out_of_fold,0.89777795449876407,0.84649446494464942,0.68768768768768773,0.60202741642803648,0.81494661921708189,0.85474860335195535,0.83484761128451868,0.096108953704441669,0.34790371702965617,7,8,9,9
MFEFNet,IDH,Development OOF,1355,1074,281,pooled_out_of_fold,0.93133395627480997,0.86051660516605166,0.71748878923766812,0.64241406402245871,0.85409252669039148,0.86219739292364994,0.85814495980702077,0.081049731281374424,0.27310942745284494,2,2,2,2
2.5D Hybrid MTL,IDH,Development OOF,1355,1074,281,pooled_out_of_fold,0.89196604306248628,0.85387453874538743,0.70180722891566261,0.62082266562176858,0.8291814946619217,0.86033519553072624,0.84475834509632397,0.10814855029255152,0.38194410633654402,8,4,4,5
AGGN,IDH,Development OOF,1355,1074,281,pooled_out_of_fold,0.88570017959270231,0.82952029520295201,0.66857962697274032,0.57905940934601485,0.8291814946619217,0.82960893854748607,0.82939521660470383,0.10281475150397007,0.35929203240537411,11,12,11,11
Swin-S,IDH,Development OOF,1355,1074,281,pooled_out_of_fold,0.70600475821255559,0.67453874538745384,0.4667472793228537,0.29604355867906701,0.68683274021352314,0.67132216014897583,0.67907745018124954,0.15584646247520179,0.47667084145335042,20,20,20,20
CMTLNet,IDH,UCSF,495,392,103,five_fold_probability_ensemble,0.93818109768179114,0.88080808080808082,0.7531380753138075,0.68789024141049815,0.87378640776699024,0.88265306122448983,0.87821973449574009,0.079467018224739144,0.26519274110158775,2,2,2,2
ResNet10 3D,IDH,UCSF,495,392,103,five_fold_probability_ensemble,0.92094313453536758,0.65656565656565657,0.53296703296703296,0.42555017532371125,0.94174757281553401,0.58163265306122447,0.76169011293837929,0.078895890078691744,0.27152980969735935,7,20,13,13
ResNet18 2.5D,IDH,UCSF,495,392,103,five_fold_probability_ensemble,0.89414503665543887,0.8101010101010101,0.63846153846153841,0.53823711001308505,0.80582524271844658,0.81122448979591832,0.80852486625718245,0.087814728302190351,0.30665614845702133,12,6,7,7
ResNet18 3D,IDH,UCSF,495,392,103,five_fold_probability_ensemble,0.92849712700614229,0.72929292929292933,0.5864197530864198,0.49067455161054518,0.92233009708737868,0.6785714285714286,0.80045076282940364,0.086338313456711779,0.29964674852823708,5,18,12,11
DenseNet121 3D,IDH,UCSF,495,392,103,five_fold_probability_ensemble,0.93382207251832772,0.78989898989898988,0.64383561643835618,0.5600446802968545,0.91262135922330101,0.75765306122448983,0.83513721022389542,0.07149995062538253,0.24997337128229014,3,8,6,6
EfficientNet-B0 3D,IDH,UCSF,495,392,103,five_fold_probability_ensemble,0.90940162472756092,0.77373737373737372,0.6216216216216216,0.52896849292889447,0.89320388349514568,0.74234693877551017,0.81777541113532792,0.089080051256436185,0.29604150907269333,9,10,8,9
PrognosAIs WHO-2016 MTL,IDH,UCSF,495,392,103,five_fold_probability_ensemble,0.93080047553001788,0.75757575757575757,0.61538461538461542,0.52910102309782236,0.93203883495145634,0.71173469387755106,0.8218867644145037,0.087953217065720346,0.29905491999594569,4,13,10,8
GlioMT image-only Transformer,IDH,UCSF,495,392,103,five_fold_probability_ensemble,0.84629482861105609,0.80202020202020197,0.58823529411764708,0.46831024492630852,0.67961165048543692,0.83418367346938771,0.75689766197741237,0.12085256679610777,0.38789074164617293,13,7,11,12
MTTU-Net,IDH,UCSF,495,392,103,five_fold_probability_ensemble,0.92693679413512975,0.83838383838383834,0.6875,0.6048393018667968,0.85436893203883491,0.83418367346938771,0.84427630275411136,0.081024890047042927,0.26836083491201207,6,5,5,4
MFEFNet,IDH,UCSF,495,392,103,five_fold_probability_ensemble,0.90890628095898551,0.86262626262626263,0.70940170940170943,0.6288328135610205,0.80582524271844658,0.87755102040816324,0.84168813156330491,0.090935921586087043,0.29598993241057325,10,3,3,3
2.5D Hybrid MTL,IDH,UCSF,495,392,103,five_fold_probability_ensemble,0.90194670101050134,0.8545454545454545,0.68965517241379315,0.60266132490977176,0.77669902912621358,0.875,0.82584951456310685,0.089645952375636592,0.30206256842732454,11,4,4,5
AGGN,IDH,UCSF,495,392,103,five_fold_probability_ensemble,0.91626213592233008,0.7656565656565657,0.61842105263157898,0.52873812030471357,0.91262135922330101,0.72704081632653061,0.81983108777491576,0.08716997477235483,0.30762374421655048,8,11,9,10
Swin-S,IDH,UCSF,495,392,103,five_fold_probability_ensemble,0.75688527838319797,0.68080808080808086,0.46258503401360546,0.28887466416290813,0.66019417475728159,0.68622448979591832,0.67320933227659996,0.14509172786476798,0.45628540891466074,14,19,16,18
CMTLNet,IDH,Xijing,105,88,17,five_fold_probability_ensemble,0.94385026737967914,0.64761904761904765,0.46376811594202899,0.39201949452793661,0.94117647058823528,0.59090909090909094,0.76604278074866317,0.078526528834942003,0.27153069933836926,10,16,15,13
ResNet10 3D,IDH,Xijing,105,88,17,five_fold_probability_ensemble,0.95855614973262027,0.66666666666666663,0.49275362318840582,0.44373060875586795,1,0.60227272727272729,0.80113636363636365,0.060601019196177254,0.20220782336956264,7,15,12,12
ResNet18 2.5D,IDH,Xijing,105,88,17,five_fold_probability_ensemble,0.9331550802139037,0.74285714285714288,0.5423728813559322,0.48553038055886139,0.94117647058823528,0.70454545454545459,0.82286096256684493,0.074037267936005499,0.24937320645520403,11,7,8,7
ResNet18 3D,IDH,Xijing,105,88,17,five_fold_probability_ensemble,0.96189839572192515,0.74285714285714288,0.5423728813559322,0.48553038055886139,0.94117647058823528,0.70454545454545459,0.82286096256684493,0.061750691736131839,0.22783667961606144,6,7,8,7
DenseNet121 3D,IDH,Xijing,105,88,17,five_fold_probability_ensemble,0.95721925133689845,0.67619047619047623,0.5,0.45226701686664544,1,0.61363636363636365,0.80681818181818188,0.075700831067391977,0.2604318187714727,8,14,11,11
EfficientNet-B0 3D,IDH,Xijing,105,88,17,five_fold_probability_ensemble,0.928475935828877,0.78095238095238095,0.58181818181818179,0.5298165768465799,0.94117647058823528,0.75,0.84558823529411764,0.079600751025275959,0.25499253813082851,12,5,5,5
PrognosAIs WHO-2016 MTL,IDH,Xijing,105,88,17,five_fold_probability_ensemble,0.98195187165775399,0.84761904761904761,0.68000000000000005,0.6492207662311682,1,0.81818181818181823,0.90909090909090917,0.053986287180763315,0.19698187685462004,1,2,2,2
GlioMT image-only Transformer,IDH,Xijing,105,88,17,five_fold_probability_ensemble,0.85628342245989308,0.64761904761904765,0.43076923076923079,0.32326144136112134,0.82352941176470584,0.61363636363636365,0.71858288770053469,0.13070106094717265,0.40439614307886745,15,16,17,17
MTTU-Net,IDH,Xijing,105,88,17,five_fold_probability_ensemble,0.95053475935828879,0.72380952380952379,0.52459016393442626,0.46511340861916689,0.94117647058823528,0.68181818181818177,0.81149732620320858,0.082707391277440201,0.27471609755441295,9,11,10,10
MFEFNet,IDH,Xijing,105,88,17,five_fold_probability_ensemble,0.97860962566844922,0.82857142857142863,0.65384615384615385,0.62158156050806102,1,0.79545454545454541,0.89772727272727271,0.05956308104552728,0.19622142682139965,3,4,4,4
2.5D Hybrid MTL,IDH,Xijing,105,88,17,five_fold_probability_ensemble,0.96657754010695185,0.84761904761904761,0.68000000000000005,0.6492207662311682,1,0.81818181818181823,0.90909090909090917,0.063255913460812135,0.22454260142748383,5,2,2,2
AGGN,IDH,Xijing,105,88,17,five_fold_probability_ensemble,0.97593582887700536,0.73333333333333328,0.54838709677419351,0.50751921892255236,1,0.68181818181818177,0.84090909090909083,0.072949954467649195,0.25108004200392459,4,9,6,6
Swin-S,IDH,Xijing,105,88,17,five_fold_probability_ensemble,0.76537433155080214,0.55238095238095242,0.38961038961038963,0.2761501632372711,0.88235294117647056,0.48863636363636365,0.68549465240641716,0.12719015999949537,0.42054420576412133,20,20,20,20
CMTLNet,1p/19q,Development OOF,571,481,90,pooled_out_of_fold,0.72030492030492033,0.72854640980735552,0.42379182156133827,0.29823541449319846,0.6333333333333333,0.74636174636174635,0.68984753984753988,0.14502406911574348,0.76327158911926196,10,2,4,4
ResNet10 3D,1p/19q,Development OOF,571,481,90,pooled_out_of_fold,0.67669207669207665,0.71628721541155871,0.39552238805970147,0.25882212886136358,0.58888888888888891,0.74012474012474017,0.66450681450681448,0.14101599888157071,0.50535743670089561,17,3,9,9
ResNet18 2.5D,1p/19q,Development OOF,571,481,90,pooled_out_of_fold,0.70501270501270497,0.63747810858143605,0.34285714285714286,0.18231681690115933,0.59999999999999998,0.64449064449064453,0.62224532224532225,0.1255043255935083,0.51767308365262554,14,17,18,18
ResNet18 3D,1p/19q,Development OOF,571,481,90,pooled_out_of_fold,0.6912912912912913,0.66199649737302979,0.38338658146964855,0.24481980577299897,0.66666666666666663,0.66112266112266116,0.66389466389466389,0.13036509161221202,0.46221713181050228,16,14,14,14
DenseNet121 3D,1p/19q,Development OOF,571,481,90,pooled_out_of_fold,0.72453222453222454,0.68126094570928197,0.40909090909090912,0.28332705298500888,0.69999999999999996,0.67775467775467779,0.68887733887733882,0.13208915089039661,0.43069556674385462,8,10,7,7
EfficientNet-B0 3D,1p/19q,Development OOF,571,481,90,pooled_out_of_fold,0.71429891429891434,0.65148861646234679,0.34323432343234322,0.18313577451817328,0.57777777777777772,0.66528066528066532,0.62152922152922152,0.1691843211317364,0.87055603721640007,12,16,17,17
PrognosAIs WHO-2016 MTL,1p/19q,Development OOF,571,481,90,pooled_out_of_fold,0.74204204204204205,0.70402802101576178,0.41522491349480967,0.28881913033317902,0.66666666666666663,0.71101871101871106,0.68884268884268884,0.13611230267772961,0.55338222101140033,5,6,5,6
GlioMT image-only Transformer,1p/19q,Development OOF,571,481,90,pooled_out_of_fold,0.63042273042273045,0.63397548161120842,0.32362459546925565,0.15302594951563087,0.55555555555555558,0.64864864864864868,0.60210210210210213,0.13635206419626927,0.48050136470719945,19,18,19,19
MTTU-Net,1p/19q,Development OOF,571,481,90,pooled_out_of_fold,0.73700623700623702,0.65674255691768824,0.3987730061349693,0.27135731666885959,0.72222222222222221,0.64449064449064453,0.68335643335643337,0.12323357636077685,0.41310593466195833,7,15,8,8
MFEFNet,1p/19q,Development OOF,571,481,90,pooled_out_of_fold,0.69898359898359896,0.69877408056042034,0.43790849673202614,0.32659951832826267,0.74444444444444446,0.69022869022869027,0.71733656733656737,0.1310163884450859,0.43066417062905354,15,7,3,3
2.5D Hybrid MTL,1p/19q,Development OOF,571,481,90,pooled_out_of_fold,0.71039501039501041,0.70577933450087571,0.44736842105263158,0.34026059104449857,0.75555555555555554,0.69646569646569645,0.72601062601062605,0.17288336625204792,0.680737376327187,13,5,2,2
AGGN,1p/19q,Development OOF,571,481,90,pooled_out_of_fold,0.64425964425964422,0.69176882661996497,0.39310344827586208,0.256671526382932,0.6333333333333333,0.70270270270270274,0.66801801801801797,0.13306791994490372,0.51337176041837129,18,9,10,10
Swin-S,1p/19q,Development OOF,571,481,90,pooled_out_of_fold,0.57077847077847077,0.67250437828371279,0.28352490421455939,0.10542970858891128,0.41111111111111109,0.7214137214137214,0.56626241626241625,0.13911159292281411,0.51240849911004149,20,12,20,20
CMTLNet,1p/19q,UCSF,404,389,15,five_fold_probability_ensemble,0.83838903170522705,0.87128712871287128,0.23529411764705882,0.23390720847586632,0.53333333333333333,0.88431876606683801,0.70882604970008567,0.039269304054158981,0.15338710370716147,5,1,2,3
ResNet10 3D,1p/19q,UCSF,404,389,15,five_fold_probability_ensemble,0.7532133676092545,0.58910891089108908,0.12631578947368421,0.14537250262553286,0.80000000000000004,0.58097686375321334,0.69048843187660669,0.072671889073115267,0.26663608664210531,13,11,11,9
ResNet18 2.5D,1p/19q,UCSF,404,389,15,five_fold_probability_ensemble,0.83873179091688088,0.5643564356435643,0.12871287128712872,0.15902407166279947,0.8666666666666667,0.5526992287917738,0.70968294772922025,0.036874905231931945,0.15543797765132783,4,14,9,8
ResNet18 3D,1p/19q,UCSF,404,389,15,five_fold_probability_ensemble,0.77446443873179094,0.40346534653465349,0.10408921933085502,0.12380802013231004,0.93333333333333335,0.38303341902313626,0.65818337617823475,0.048316815978806139,0.2076288292825734,11,19,19,15
DenseNet121 3D,1p/19q,UCSF,404,389,15,five_fold_probability_ensemble,0.83410454155955438,0.42821782178217821,0.10810810810810811,0.13224680917546724,0.93333333333333335,0.40874035989717222,0.67103684661525276,0.08525900963462682,0.30864713476522609,7,18,16,13
EfficientNet-B0 3D,1p/19q,UCSF,404,389,15,five_fold_probability_ensemble,0.67043701799485866,0.33663366336633666,0.0945945945945946,0.10147004078864055,0.93333333333333335,0.31362467866323906,0.62347900599828621,0.11069069740275721,0.34935187705306642,17,20,20,17
PrognosAIs WHO-2016 MTL,1p/19q,UCSF,404,389,15,five_fold_probability_ensemble,0.89631533847472156,0.66089108910891092,0.17964071856287425,0.25284205141365068,1,0.6478149100257069,0.82390745501285345,0.044243105351943791,0.16377847155420139,2,7,4,2
GlioMT image-only Transformer,1p/19q,UCSF,404,389,15,five_fold_probability_ensemble,0.83804627249357322,0.60148514851485146,0.13903743315508021,0.17510873381124933,0.8666666666666667,0.59125964010282772,0.72896315338474715,0.05668869084448417,0.23058178324227577,6,10,8,6
MTTU-Net,1p/19q,UCSF,404,389,15,five_fold_probability_ensemble,0.81148243359040273,0.58168316831683164,0.12435233160621761,0.14215862837388579,0.80000000000000004,0.57326478149100257,0.68663239074550131,0.05547619356982237,0.21734407140627363,9,13,12,10
MFEFNet,1p/19q,UCSF,404,389,15,five_fold_probability_ensemble,0.87300771208226224,0.71039603960396036,0.18181818181818182,0.23207322458759211,0.8666666666666667,0.70437017994858608,0.78551842330762645,0.047642485710531014,0.21289648873830111,3,6,3,4
2.5D Hybrid MTL,1p/19q,UCSF,404,389,15,five_fold_probability_ensemble,0.82776349614395883,0.6410891089108911,0.15204678362573099,0.1938129539812061,0.8666666666666667,0.63239074550128538,0.74952870608397604,0.041895564575739661,0.16624787607895683,8,8,6,5
AGGN,1p/19q,UCSF,404,389,15,five_fold_probability_ensemble,0.77343616109682944,0.47524752475247523,0.1092436974789916,0.12426205853600898,0.8666666666666667,0.46015424164524421,0.66341045415595545,0.056382493268348211,0.2365026516079817,12,17,15,14
Swin-S,1p/19q,UCSF,404,389,15,five_fold_probability_ensemble,0.67163667523564696,0.51237623762376239,0.11659192825112108,0.13823151472785095,0.8666666666666667,0.49871465295629819,0.68269065981148247,0.053510990234947216,0.23162511844508929,15,16,13,12
CMTLNet,1p/19q,Xijing,59,54,5,five_fold_probability_ensemble,0.82222222222222219,0.79661016949152541,0.33333333333333331,0.27873117693472471,0.59999999999999998,0.81481481481481477,0.70740740740740737,0.073253880960780504,0.24584896617294014,9,4,5,6
ResNet10 3D,1p/19q,Xijing,59,54,5,five_fold_probability_ensemble,0.81111111111111112,0.76271186440677963,0.36363636363636365,0.34391091476474711,0.80000000000000004,0.7592592592592593,0.77962962962962967,0.077384538999446306,0.263701240555414,11,7,3,3
ResNet18 2.5D,1p/19q,Xijing,59,54,5,five_fold_probability_ensemble,0.71111111111111114,0.69491525423728817,0.25,0.18101942213222266,0.59999999999999998,0.70370370370370372,0.6518518518518519,0.069121512794572945,0.2639759905739788,19,14,11,12
ResNet18 3D,1p/19q,Xijing,59,54,5,five_fold_probability_ensemble,0.74814814814814812,0.64406779661016944,0.16,0.039223227027636809,0.40000000000000002,0.66666666666666663,0.53333333333333333,0.069094341211558524,0.24876940710483389,18,16,20,20
DenseNet121 3D,1p/19q,Xijing,59,54,5,five_fold_probability_ensemble,0.80740740740740746,0.76271186440677963,0.22222222222222221,0.13189957479946796,0.40000000000000002,0.79629629629629628,0.5981481481481481,0.066911096773158707,0.2395582016295561,12,7,14,15
EfficientNet-B0 3D,1p/19q,Xijing,59,54,5,five_fold_probability_ensemble,0.79259259259259263,0.4576271186440678,0.20000000000000001,0.12808796029757144,0.80000000000000004,0.42592592592592593,0.61296296296296293,0.084926271379940591,0.2890908369517034,13,20,18,17
PrognosAIs WHO-2016 MTL,1p/19q,Xijing,59,54,5,five_fold_probability_ensemble,0.89629629629629626,0.81355932203389836,0.35294117647058826,0.29982264260938768,0.59999999999999998,0.83333333333333337,0.71666666666666667,0.054815290874186774,0.18780718807824301,2,3,4,4
GlioMT image-only Transformer,1p/19q,Xijing,59,54,5,five_fold_probability_ensemble,0.77037037037037037,0.72881355932203384,0.20000000000000001,0.10186256448101387,0.40000000000000002,0.7592592592592593,0.57962962962962972,0.072064246019474809,0.26605299322242931,16,11,18,19
MTTU-Net,1p/19q,Xijing,59,54,5,five_fold_probability_ensemble,0.86296296296296293,0.74576271186440679,0.2857142857142857,0.22505861041583891,0.59999999999999998,0.7592592592592593,0.67962962962962958,0.060938095001448846,0.21941831794992106,5,9,9,10
MFEFNet,1p/19q,Xijing,59,54,5,five_fold_probability_ensemble,0.87037037037037035,0.96610169491525422,0.80000000000000004,0.78148148148148144,0.80000000000000004,0.98148148148148151,0.89074074074074083,0.061516849117993697,0.22674701060275676,4,1,1,1
2.5D Hybrid MTL,1p/19q,Xijing,59,54,5,five_fold_probability_ensemble,0.82962962962962961,0.72881355932203384,0.27272727272727271,0.20953512687653467,0.59999999999999998,0.7407407407407407,0.67037037037037028,0.062553778222126946,0.24223838047448507,7,11,10,11
AGGN,1p/19q,Xijing,59,54,5,five_fold_probability_ensemble,0.78518518518518521,0.69491525423728817,0.25,0.18101942213222266,0.59999999999999998,0.70370370370370372,0.6518518518518519,0.07460833943353215,0.27227460678832566,15,14,11,12
Swin-S,1p/19q,Xijing,59,54,5,five_fold_probability_ensemble,0.64814814814814814,0.64406779661016944,0.22222222222222221,0.1429159558095961,0.59999999999999998,0.64814814814814814,0.624074074074074,0.080732541739714767,0.29582472009806571,20,16,14,14
CMTLNet,Grade,Development OOF,784,263,521,pooled_out_of_fold,0.84280741189435349,0.78316326530612246,0.82581967213114749,0.55088393377408063,0.77351247600767759,0.80228136882129275,0.78789692241448517,0.17037184072799916,0.7469428889099381,9,10,10,10
ResNet10 3D,Grade,Development OOF,784,263,521,pooled_out_of_fold,0.87679440677842402,0.7857142857142857,0.82680412371134016,0.56041626229487251,0.76967370441458738,0.81749049429657794,0.79358209935558266,0.13893963065326548,0.51189715978082284,6,9,9,8
ResNet18 2.5D,Grade,Development OOF,784,263,521,pooled_out_of_fold,0.83164870131291824,0.7678571428571429,0.81198347107438018,0.5235965164987495,0.75431861804222644,0.79467680608365021,0.77449771206293838,0.15544772516684643,0.71554420805937424,12,11,11,11
ResNet18 3D,Grade,Development OOF,784,263,521,pooled_out_of_fold,0.87423279303474599,0.81887755102040816,0.86159844054580892,0.60040082039438314,0.84836852207293667,0.76045627376425851,0.80441239791859753,0.13618507739927038,0.4394670973894319,7,4,4,5
DenseNet121 3D,Grade,Development OOF,784,263,521,pooled_out_of_fold,0.90006787181714021,0.82270408163265307,0.8622398414271556,0.61691764742623623,0.83493282149712089,0.79847908745247154,0.81670595447479621,0.12173073576069664,0.42254121704539899,2,3,3,3
EfficientNet-B0 3D,Grade,Development OOF,784,263,521,pooled_out_of_fold,0.83333090065171544,0.74872448979591832,0.79064824654622745,0.50318340614512114,0.71401151631477922,0.81749049429657794,0.76575100530567863,0.18135540516627885,0.94110009621453072,11,12,12,12
PrognosAIs WHO-2016 MTL,Grade,Development OOF,784,263,521,pooled_out_of_fold,0.88585128044196959,0.8125,0.85196374622356497,0.60344421767485612,0.81190019193857965,0.81368821292775662,0.81279420243316813,0.13162722844873306,0.45919861180034049,4,5,7,4
GlioMT image-only Transformer,Grade,Development OOF,784,263,521,pooled_out_of_fold,0.73556264276800243,0.7142857142857143,0.77909270216962523,0.376781228795047,0.75815738963531665,0.62737642585551334,0.69276690774541505,0.20181542895969437,0.61375116281546982,13,13,13,13
MTTU-Net,Grade,Development OOF,784,263,521,pooled_out_of_fold,0.88165490465104401,0.8125,0.85741998060135793,0.58405129795795152,0.84836852207293667,0.7414448669201521,0.79490669449654439,0.13593884264491329,0.46608371052323233,5,5,5,6
MFEFNet,Grade,Development OOF,784,263,521,pooled_out_of_fold,0.88837640396137874,0.8392857142857143,0.87861271676300579,0.6409289638230119,0.87523992322456812,0.76806083650190116,0.82165037986323464,0.11468580352927553,0.39832117769632147,3,1,1,2
2.5D Hybrid MTL,Grade,Development OOF,784,263,521,pooled_out_of_fold,0.83424315625843837,0.80867346938775508,0.853515625,0.5787682484670158,0.8387715930902111,0.74904942965779464,0.79391051137400281,0.16095594876193245,0.58082149415469664,10,7,6,7
AGGN,Grade,Development OOF,784,263,521,pooled_out_of_fold,0.86232238383337101,0.79974489795918369,0.84742468415937799,0.55665558575369745,0.83685220729366605,0.72623574144486691,0.78154397436926648,0.14412308636955073,0.48998563727224009,8,8,8,9
Swin-S,Grade,Development OOF,784,263,521,pooled_out_of_fold,0.7316362946366668,0.69005102040816324,0.75772681954137588,0.33136265904424472,0.72936660268714015,0.61216730038022815,0.67076695153368415,0.20469988859690932,0.6622815488810464,14,14,14,14
CMTLNet,Grade,UCSF,495,99,396,five_fold_probability_ensemble,0.89906642179369456,0.83636363636363631,0.89068825910931171,0.59344242605620834,0.83333333333333337,0.84848484848484851,0.84090909090909094,0.11874513388736044,0.37902269201484073,10,3,3,4
ResNet10 3D,Grade,UCSF,495,99,396,five_fold_probability_ensemble,0.9250331598816447,0.6646464646464646,0.73566878980891715,0.45948781063106159,0.58333333333333337,0.98989898989898994,0.78661616161616166,0.11571133086699985,0.36848749889760912,5,13,14,11
ResNet18 2.5D,Grade,UCSF,495,99,396,five_fold_probability_ensemble,0.90541781450872361,0.60202020202020201,0.671118530884808,0.39635821934930537,0.50757575757575757,0.97979797979797978,0.74368686868686873,0.099441103483635537,0.33030069039881993,9,15,16,13
ResNet18 3D,Grade,UCSF,495,99,396,five_fold_probability_ensemble,0.92306907458422605,0.78585858585858581,0.84813753581661888,0.563322090624363,0.74747474747474751,0.93939393939393945,0.84343434343434343,0.13337940801524178,0.42976009773829577,6,6,6,7
DenseNet121 3D,Grade,UCSF,495,99,396,five_fold_probability_ensemble,0.94161310070400983,0.79393939393939394,0.85260115606936415,0.59950194933847167,0.74494949494949492,0.98989898989898994,0.86742424242424243,0.12703820033584196,0.40492984096044754,3,5,5,3
EfficientNet-B0 3D,Grade,UCSF,495,99,396,five_fold_probability_ensemble,0.85771860014284251,0.33333333333333331,0.28879310344827586,0.18485966425290098,0.1691919191919192,0.98989898989898994,0.57954545454545459,0.28152573848118945,0.86124419883349723,13,20,20,20
PrognosAIs WHO-2016 MTL,Grade,UCSF,495,99,396,five_fold_probability_ensemble,0.94219977553310885,0.77575757575757576,0.83795620437956209,0.57173091466870973,0.7247474747474747,0.97979797979797978,0.85227272727272729,0.11095190711007408,0.3659822577162638,2,8,8,6
GlioMT image-only Transformer,Grade,UCSF,495,99,396,five_fold_probability_ensemble,0.81422813998571575,0.6646464646464646,0.74303405572755421,0.40406101782088427,0.60606060606060608,0.89898989898989901,0.7525252525252526,0.21262019021766537,0.63284183614004708,14,13,13,12
MTTU-Net,Grade,UCSF,495,99,396,five_fold_probability_ensemble,0.91962554841342725,0.81414141414141417,0.87257617728531855,0.57728083920570683,0.79545454545454541,0.88888888888888884,0.84217171717171713,0.14813505306381697,0.46970873432667426,7,4,4,5
MFEFNet,Grade,UCSF,495,99,396,five_fold_probability_ensemble,0.94064381185593304,0.86464646464646466,0.90982503364737555,0.66631770340846819,0.85353535353535348,0.90909090909090906,0.88131313131313127,0.089005739362606626,0.31286350469204793,4,2,2,2
2.5D Hybrid MTL,Grade,UCSF,495,99,396,five_fold_probability_ensemble,0.91307009488827673,0.73535353535353531,0.80359820089955025,0.51951885611165394,0.6767676767676768,0.96969696969696972,0.82323232323232332,0.15869674761375999,0.48901103762372794,8,10,10,8
AGGN,Grade,UCSF,495,99,396,five_fold_probability_ensemble,0.89337822671156009,0.74141414141414141,0.8134110787172012,0.4819055601270989,0.70454545454545459,0.88888888888888884,0.79671717171717171,0.14657281628324312,0.45497457105796485,11,9,9,10
Swin-S,Grade,UCSF,495,99,396,five_fold_probability_ensemble,0.88039485766758496,0.77777777777777779,0.84636871508379885,0.4965281246530035,0.76515151515151514,0.82828282828282829,0.79671717171717171,0.16838552259396214,0.51616244872639261,12,7,7,9
CMTLNet,Grade,Xijing,92,19,73,five_fold_probability_ensemble,0.88536409516943038,0.77173913043478259,0.83720930232558144,0.52625856568558649,0.73972602739726023,0.89473684210526316,0.8172314347512617,0.15209677897125937,0.50156985949531208,9,11,12,11
ResNet10 3D,Grade,Xijing,92,19,73,five_fold_probability_ensemble,0.90050468637346792,0.78260869565217395,0.84615384615384615,0.54044314323120402,0.75342465753424659,0.89473684210526316,0.82408074981975488,0.091600962842592643,0.33420955940689717,6,10,11,9
ResNet18 2.5D,Grade,Xijing,92,19,73,five_fold_probability_ensemble,0.87815428983417443,0.75,0.81889763779527558,0.49909725667751509,0.71232876712328763,0.89473684210526316,0.80353280461427534,0.10649054471438023,0.3630362167073089,11,13,13,12
ResNet18 3D,Grade,Xijing,92,19,73,five_fold_probability_ensemble,0.88752703677000722,0.89130434782608692,0.92957746478873238,0.697611539561794,0.90410958904109584,0.84210526315789469,0.87310742609949532,0.10090981628411116,0.3554488475267546,8,1,2,2
DenseNet121 3D,Grade,Xijing,92,19,73,five_fold_probability_ensemble,0.9098774333093006,0.83695652173913049,0.88888888888888884,0.61885895800623825,0.82191780821917804,0.89473684210526316,0.85832732516222054,0.10461682445091064,0.3504530808249206,5,8,8,7
EfficientNet-B0 3D,Grade,Xijing,92,19,73,five_fold_probability_ensemble,0.8211968276856525,0.51086956521739135,0.5714285714285714,0.25982265225042744,0.41095890410958902,0.89473684210526316,0.65284787310742609,0.15334498614808487,0.50300439954289455,13,17,19,14
PrognosAIs WHO-2016 MTL,Grade,Xijing,92,19,73,five_fold_probability_ensemble,0.91925018024513339,0.85869565217391308,0.9051094890510949,0.65459466898006613,0.84931506849315064,0.89473684210526316,0.8720259552992069,0.086853200908806036,0.32209045324686447,2,6,7,6
GlioMT image-only Transformer,Grade,Xijing,92,19,73,five_fold_probability_ensemble,0.72025955299206923,0.66304347826086951,0.76335877862595425,0.22130406921058998,0.68493150684931503,0.57894736842105265,0.6319394376351839,0.20904524856879689,0.60777375280811152,14,15,15,16
MTTU-Net,Grade,Xijing,92,19,73,five_fold_probability_ensemble,0.89834174477289108,0.89130434782608692,0.92957746478873238,0.697611539561794,0.90410958904109584,0.84210526315789469,0.87310742609949532,0.096565914307031625,0.35581681462801168,7,1,2,2
MFEFNet,Grade,Xijing,92,19,73,five_fold_probability_ensemble,0.91131939437635179,0.89130434782608692,0.93055555555555558,0.68216896130412619,0.9178082191780822,0.78947368421052633,0.85364095169430421,0.089925209290203714,0.30845426114793756,4,1,1,4
2.5D Hybrid MTL,Grade,Xijing,92,19,73,five_fold_probability_ensemble,0.91420331651045417,0.88043478260869568,0.92307692307692313,0.65822819478341366,0.90410958904109584,0.78947368421052633,0.84679163662581103,0.10013537311635654,0.34023955417355389,3,5,5,5
AGGN,Grade,Xijing,92,19,73,five_fold_probability_ensemble,0.86950252343186729,0.85869565217391308,0.90780141843971629,0.61414887900486637,0.87671232876712324,0.78947368421052633,0.83309300648882478,0.10660128771632146,0.36438239280896506,12,6,6,8
Swin-S,Grade,Xijing,92,19,73,five_fold_probability_ensemble,0.88392213410237919,0.82608695652173914,0.88571428571428568,0.53339004924646993,0.84931506849315064,0.73684210526315785,0.79307858687815425,0.13788324505575461,0.4471408485079762,10,9,9,10
CoLE-Net,IDH,Development OOF,1355,1074,281,pooled_oof,0.94594988634631572,0.89446494464944648,0.77265500794912556,0.71178394409360823,0.86476868327402134,0.9022346368715084,0.88350166007276487,0.07012772851626646,0.23998768031507203,1,1,1,1
CoLE-Net,IDH,UCSF,495,392,103,five_fold_probability_ensemble,0.95321478105805435,0.92525252525252522,0.82790697674418601,0.78138872056826103,0.86407766990291257,0.94132653061224492,0.9027021002575788,0.066236463334473306,0.24047206903149998,1,1,1,1
CoLE-Net,IDH,Xijing,105,88,17,five_fold_probability_ensemble,0.98195187165775399,0.92380952380952386,0.80952380952380953,0.78624539310689645,1,0.90909090909090906,0.95454545454545459,0.054021254008454353,0.20656438758578605,1,1,1,1
CoLE-Net,1p/19q,Development OOF,571,481,90,pooled_oof,0.85162855162855167,0.79684763572679507,0.546875,0.46396530023727411,0.77777777777777779,0.8004158004158004,0.78909678909678904,0.13583347991539205,0.42058072252691209,1,1,1,1
CoLE-Net,1p/19q,UCSF,404,389,15,five_fold_probability_ensemble,0.92476435304198801,0.84653465346534651,0.26190476190476192,0.2935348174107989,0.73333333333333328,0.85089974293059123,0.79211653813196226,0.099109991634402372,0.33544268034793046,1,2,1,1
CoLE-Net,1p/19q,Xijing,59,54,5,five_fold_probability_ensemble,0.94814814814814818,0.88135593220338981,0.46153846153846156,0.41277045446049859,0.59999999999999998,0.90740740740740744,0.75370370370370376,0.077929276399154312,0.27986612538226668,1,2,2,2
CoLE-Net,Grade,Development OOF,784,263,521,pooled_oof,0.91483911460119827,0.8392857142857143,0.87272727272727268,0.66306000754319727,0.82917466410748564,0.85931558935361219,0.84424512673054886,0.10743686039309719,0.34668807558815495,1,1,2,1
CoLE-Net,Grade,UCSF,495,99,396,five_fold_probability_ensemble,0.95464748495051532,0.87272727272727268,0.91520861372812923,0.68838120352133136,0.85858585858585856,0.92929292929292928,0.89393939393939392,0.074150219784428095,0.27020435898323847,1,1,1,1
CoLE-Net,Grade,Xijing,92,19,73,five_fold_probability_ensemble,0.9228550829127613,0.89130434782608692,0.9285714285714286,0.71446711393530837,0.8904109589041096,0.89473684210526316,0.89257390050468643,0.090493935342600723,0.3180254074915807,1,1,4,1
AdaBoost,Grade,Development OOF,784,263,521,pooled_out_of_fold,0.68312619049356682,0.60076530612244894,0.6601520086862106,0.20634855235335076,0.58349328214971208,0.63498098859315588,0.60923713537143398,0.21522750730881238,0.62074090684596439,19,20,20,20
AdaBoost,IDH,Development OOF,1355,1074,281,pooled_out_of_fold,0.80148213682180569,0.77638376383763841,0.54572713643178405,0.41116977804114341,0.64768683274021355,0.81005586592178769,0.72887134933100062,0.17592446580753637,0.53534655856446556,18,15,18,18
AdaBoost,1p/19q,Development OOF,571,481,90,pooled_out_of_fold,0.71849156849156848,0.67950963222416816,0.37113402061855671,0.22460172071233431,0.59999999999999998,0.69438669438669443,0.6471933471933472,0.1983253940642293,0.58270004240275342,11,11,15,15
AdaBoost,Grade,UCSF,495,99,396,five_model_probability_ensemble,0.71351137639016415,0.58181818181818179,0.66879999999999995,0.26133715273055658,0.52777777777777779,0.79797979797979801,0.66287878787878785,0.21242502499122787,0.61561908241548524,18,17,17,17
AdaBoost,IDH,UCSF,495,392,103,five_model_probability_ensemble,0.74595056469189625,0.78989898989898988,0.45263157894736844,0.3255369842751889,0.41747572815533979,0.88775510204081631,0.65261541509807808,0.17750042457847495,0.54029700513958634,18,8,18,15
AdaBoost,1p/19q,UCSF,404,389,15,five_model_probability_ensemble,0.66066838046272491,0.76485148514851486,0.11214953271028037,0.080669405761658347,0.40000000000000002,0.77892030848329052,0.58946015424164533,0.18182026721123815,0.55092510377767412,18,5,14,20
AdaBoost,Grade,Xijing,92,19,73,five_model_probability_ensemble,0.6553713049747657,0.45652173913043476,0.52830188679245282,0.10162376126865687,0.38356164383561642,0.73684210526315785,0.56020187454938708,0.22340567420160831,0.63755026652943858,17,20,20,18
AdaBoost,IDH,Xijing,105,88,17,five_model_probability_ensemble,0.82219251336898391,0.73333333333333328,0.48148148148148145,0.37936450956127005,0.76470588235294112,0.72727272727272729,0.74598930481283421,0.19456716242228034,0.5771678621625087,17,9,13,14
AdaBoost,1p/19q,Xijing,59,54,5,five_model_probability_ensemble,0.76666666666666672,0.74576271186440679,0.21052631578947367,0.11638287479252928,0.40000000000000002,0.77777777777777779,0.58888888888888891,0.17608860595905898,0.53855534281373796,17,9,17,18
Extra trees,Grade,Development OOF,784,263,521,pooled_out_of_fold,0.71952883822423974,0.63265306122448983,0.67640449438202244,0.30192228074691685,0.57773512476007682,0.7414448669201521,0.65958999584011446,0.19221104024943308,0.56331860691289359,15,16,18,15
Extra trees,IDH,Development OOF,1355,1074,281,pooled_out_of_fold,0.83537611748411167,0.75719557195571952,0.5560053981106613,0.42517622648811593,0.73309608540925264,0.76350093109869643,0.74829850825397459,0.11985827798277982,0.38247656817389908,15,19,17,17
Extra trees,1p/19q,Development OOF,571,481,90,pooled_out_of_fold,0.76221991221991214,0.66900175131348516,0.41121495327102803,0.28976415433889635,0.73333333333333328,0.656964656964657,0.69514899514899509,0.11497672698968671,0.3770072291240763,2,13,6,5
Extra trees,Grade,UCSF,495,99,396,five_model_probability_ensemble,0.78063462911947756,0.59191919191919196,0.67731629392971249,0.2835379434598837,0.53535353535353536,0.81818181818181823,0.6767676767676768,0.1424057292929293,0.45480395642897636,15,16,15,14
Extra trees,IDH,UCSF,495,392,103,five_model_probability_ensemble,0.75282345948087981,0.73737373737373735,0.48412698412698413,0.32544314592531715,0.59223300970873782,0.77551020408163263,0.68387160689518522,0.13878733827160494,0.43962425577787256,17,15,15,16
Extra trees,1p/19q,UCSF,404,389,15,five_model_probability_ensemble,0.71808054841473856,0.58415841584158412,0.10638297872340426,0.094627719836089461,0.66666666666666663,0.58097686375321334,0.62382176520994004,0.052524536853685369,0.22544551632351331,14,12,17,18
Extra trees,Grade,Xijing,92,19,73,five_model_probability_ensemble,0.60670511896178814,0.51086956521739135,0.62184873949579833,0.026851080677052733,0.50684931506849318,0.52631578947368418,0.51658255227108874,0.16842130434782607,0.51418054877354469,19,17,17,19
Extra trees,IDH,Xijing,105,88,17,five_model_probability_ensemble,0.81082887700534756,0.64761904761904765,0.43076923076923079,0.32326144136112134,0.82352941176470584,0.61363636363636365,0.71858288770053469,0.10404261587301589,0.36092873872976811,19,16,17,17
Extra trees,1p/19q,Xijing,59,54,5,five_model_probability_ensemble,0.79259259259259263,0.6271186440677966,0.21428571428571427,0.13112775898018506,0.59999999999999998,0.62962962962962965,0.61481481481481481,0.074505920903954803,0.277659997065478,13,18,16,16
Gradient boosting,Grade,Development OOF,784,263,521,pooled_out_of_fold,0.70389642614743519,0.64923469387755106,0.7213779128672746,0.25486997131202477,0.68330134357005756,0.58174904942965777,0.63252519649985772,0.20672639964406705,0.60122055646737882,18,15,15,16
Gradient boosting,IDH,Development OOF,1355,1074,281,pooled_out_of_fold,0.83451625943524388,0.76457564575645753,0.56241426611796985,0.43373318668205868,0.72953736654804269,0.77374301675977653,0.75164019165390961,0.14472082212825771,0.44838134484081327,16,18,16,16
Gradient boosting,1p/19q,Development OOF,571,481,90,pooled_out_of_fold,0.74197274197274199,0.71278458844133097,0.3925925925925926,0.25477660877718655,0.58888888888888891,0.73596673596673601,0.66242781242781246,0.13974450553555332,0.43646044189657718,6,4,11,12
Gradient boosting,Grade,UCSF,495,99,396,five_model_probability_ensemble,0.70296398326701348,0.68686868686868685,0.78321678321678323,0.26166161288584583,0.70707070707070707,0.60606060606060608,0.65656565656565657,0.19932316079310891,0.58298609570159854,20,11,11,16
Gradient boosting,IDH,UCSF,495,392,103,five_model_probability_ensemble,0.75346740638002774,0.75151515151515147,0.4434389140271493,0.28552749574970782,0.47572815533980584,0.82397959183673475,0.64985387358827029,0.15361539998890569,0.47062633785742503,16,14,19,19
Gradient boosting,1p/19q,UCSF,404,389,15,five_model_probability_ensemble,0.60856898029134532,0.84653465346534651,0.16216216216216217,0.14121558721282146,0.40000000000000002,0.86375321336760924,0.63187660668380463,0.080328570708485592,0.29388376761696167,20,2,5,11
Gradient boosting,Grade,Xijing,92,19,73,five_model_probability_ensemble,0.66762797404470076,0.70652173913043481,0.8029197080291971,0.24610729802738918,0.75342465753424659,0.52631578947368418,0.63987022350396539,0.20172877740285616,0.58932465887327379,16,14,14,15
Gradient boosting,IDH,Xijing,105,88,17,five_model_probability_ensemble,0.8529411764705882,0.68571428571428572,0.45901639344262296,0.36031317706334598,0.82352941176470584,0.65909090909090906,0.7413101604278074,0.1602146031960541,0.48535841512744521,16,13,16,15
Gradient boosting,1p/19q,Xijing,59,54,5,five_model_probability_ensemble,0.8925925925925926,0.79661016949152541,0.33333333333333331,0.27873117693472471,0.59999999999999998,0.81481481481481477,0.70740740740740737,0.083496295550816432,0.29286254228835051,3,4,5,6
Hist. gradient boosting,Grade,Development OOF,784,263,521,pooled_out_of_fold,0.70665508710216529,0.62627551020408168,0.69383490073145249,0.22978308200184769,0.63723608445297508,0.6045627376425855,0.62089941104778035,0.21921010170822716,0.6872465501570072,17,18,17,18
Hist. gradient boosting,IDH,Development OOF,1355,1074,281,pooled_out_of_fold,0.83563291516729954,0.76605166051660512,0.57563587684069617,0.45357421933233638,0.76512455516014233,0.76629422718808193,0.76570939117411219,0.12843295103200039,0.42446473995415013,14,17,14,14
Hist. gradient boosting,1p/19q,Development OOF,571,481,90,pooled_out_of_fold,0.74917994917994912,0.63222416812609461,0.36746987951807231,0.22230250922551623,0.67777777777777781,0.62370062370062374,0.65073920073920077,0.13469491426053279,0.53267960828761618,4,19,16,16
Hist. gradient boosting,Grade,UCSF,495,99,396,five_model_probability_ensemble,0.71056524844403635,0.55151515151515151,0.6384364820846905,0.21974835286849032,0.49494949494949497,0.77777777777777779,0.63636363636363635,0.18822327084476528,0.56127261915414828,19,19,19,19
Hist. gradient boosting,IDH,UCSF,495,392,103,five_model_probability_ensemble,0.75369031107588669,0.73333333333333328,0.49618320610687022,0.34015139999689908,0.6310679611650486,0.76020408163265307,0.69563602139885083,0.14227442211054839,0.47556615391129187,15,17,14,14
Hist. gradient boosting,1p/19q,UCSF,404,389,15,five_model_probability_ensemble,0.65861182519280204,0.62376237623762376,0.10588235294117647,0.087360827451363074,0.59999999999999998,0.62467866323907451,0.61233933161953724,0.047517444202330519,0.20247773978256867,19,9,18,19
Hist. gradient boosting,Grade,Xijing,92,19,73,five_model_probability_ensemble,0.67411679884643116,0.59782608695652173,0.69918699186991873,0.17929721698262782,0.58904109589041098,0.63157894736842102,0.61031002162941594,0.17971208204891501,0.55018696660598365,15,16,16,17
Hist. gradient boosting,IDH,Xijing,105,88,17,five_model_probability_ensemble,0.85695187165775399,0.61904761904761907,0.41176470588235292,0.29707735421632592,0.82352941176470584,0.57954545454545459,0.70153743315508021,0.10338196376415144,0.34199109549878465,14,19,19,19
Hist. gradient boosting,1p/19q,Xijing,59,54,5,five_model_probability_ensemble,0.82222222222222219,0.71186440677966101,0.32000000000000001,0.29635327087547814,0.80000000000000004,0.70370370370370372,0.75185185185185188,0.078063279838531396,0.2555004609052377,9,13,8,5
MLP (joint),Grade,Development OOF,784,263,521,pooled_out_of_fold,0.65118994621340942,0.63137755102040816,0.71071071071071068,0.20683752807408015,0.68138195777351251,0.53231939163498099,0.60685067470424681,0.29322303703630154,1.6919906123357822,20,17,16,19
MLP (joint),IDH,Development OOF,1355,1074,281,pooled_out_of_fold,0.79228877976367984,0.78007380073800736,0.5329153605015674,0.39655086629775571,0.604982206405694,0.82588454376163878,0.71543337508366633,0.15562336744932773,0.86907495080724395,19,14,19,19
MLP (joint),1p/19q,Development OOF,571,481,90,pooled_out_of_fold,0.72430122430122423,0.62697022767075306,0.3861671469740634,0.25593379018139506,0.74444444444444446,0.60498960498960497,0.67471702471702466,0.15790596172173693,1.1486504542348981,9,20,12,11
MLP (joint),Grade,UCSF,495,99,396,five_model_probability_ensemble,0.72337006427915518,0.68484848484848482,0.78028169014084503,0.27055502418939081,0.6994949494949495,0.6262626262626263,0.66287878787878785,0.16778252101540267,0.61139401155292772,17,12,12,15
MLP (joint),IDH,UCSF,495,392,103,five_model_probability_ensemble,0.74148008718050318,0.73535353535353531,0.46090534979423869,0.29690109596973391,0.5436893203883495,0.7857142857142857,0.66470180305131765,0.15669418182475528,0.66677966362281826,19,16,17,17
MLP (joint),1p/19q,UCSF,404,389,15,five_model_probability_ensemble,0.78988860325621257,0.52722772277227725,0.12785388127853881,0.1682496526860604,0.93333333333333335,0.51156812339331614,0.7224507283633248,0.057486487085311191,0.22651795186764462,10,15,10,7
MLP (joint),Grade,Xijing,92,19,73,five_model_probability_ensemble,0.63302090843547232,0.77173913043478259,0.85906040268456374,0.26180256609660785,0.87671232876712324,0.36842105263157893,0.62256669069935111,0.16233889066595913,0.73313652907154536,18,11,10,13
MLP (joint),IDH,Xijing,105,88,17,five_model_probability_ensemble,0.87700534759358284,0.76190476190476186,0.54545454545454541,0.47601508693469313,0.88235294117647056,0.73863636363636365,0.81049465240641716,0.087227464650417946,0.30384934812109027,13,6,7,9
MLP (joint),1p/19q,Xijing,59,54,5,five_model_probability_ensemble,0.82962962962962972,0.47457627118644069,0.24390243902439024,0.24322084326969809,1,0.42592592592592593,0.71296296296296302,0.079421187228205375,0.29053759298199255,6,19,13,9
Random forest,Grade,Development OOF,784,263,521,pooled_out_of_fold,0.71717156973646756,0.61734693877551017,0.66887417218543044,0.25480072477758875,0.58157389635316703,0.68821292775665399,0.63489341205491057,0.19121887755102038,0.5628210813923461,16,19,19,17
Random forest,IDH,Development OOF,1355,1074,281,pooled_out_of_fold,0.83298541389159497,0.77564575645756462,0.56321839080459768,0.43415115941318949,0.697508896797153,0.7960893854748603,0.74679914113600665,0.12112531365313653,0.38416780003837597,17,16,15,15
Random forest,1p/19q,Development OOF,571,481,90,pooled_out_of_fold,0.7585239085239085,0.69877408056042034,0.38571428571428573,0.24533751488927685,0.59999999999999998,0.71725571725571724,0.65862785862785866,0.11347145359019266,0.37392630188992648,3,7,13,13
Random forest,Grade,UCSF,495,99,396,five_model_probability_ensemble,0.75968013468013473,0.56767676767676767,0.65483870967741931,0.24149509327065166,0.51262626262626265,0.78787878787878785,0.6502525252525253,0.14869532121212123,0.46853708340743527,16,18,18,18
Random forest,IDH,UCSF,495,392,103,five_model_probability_ensemble,0.73040915395284334,0.76161616161616164,0.43269230769230771,0.28183570946036612,0.43689320388349512,0.84693877551020413,0.6419159896968496,0.14526223838383839,0.45853187011061231,20,12,20,20
Random forest,1p/19q,UCSF,404,389,15,five_model_probability_ensemble,0.67112253641816622,0.82673267326732669,0.14634146341463414,0.12362594189842202,0.40000000000000002,0.84318766066838047,0.62159383033419024,0.048217108910891086,0.20907171100208832,16,4,7,16
Random forest,Grade,Xijing,92,19,73,five_model_probability_ensemble,0.60021629416005773,0.5,0.61016949152542377,0.015764142345717894,0.49315068493150682,0.52631578947368418,0.50973323720259556,0.17271391304347827,0.52672203420400665,20,19,18,20
Random forest,IDH,Xijing,105,88,17,five_model_probability_ensemble,0.82018716577540096,0.7142857142857143,0.4642857142857143,0.35773962226167527,0.76470588235294112,0.70454545454545459,0.73462566844919786,0.10589885714285714,0.36137325300038675,18,12,14,16
Random forest,1p/19q,Xijing,59,54,5,five_model_probability_ensemble,0.82777777777777783,0.79661016949152541,0.33333333333333331,0.27873117693472471,0.59999999999999998,0.81481481481481477,0.70740740740740737,0.067049288135593216,0.25170453052444319,8,4,5,6
